energy-Structure-1,temp,pressure
-9.0647993995,0.0,0
-9.06479942675,10.0,0
-9.06479994825,20.0,0
-9.06480211475,30.0,0
-9.06480729275,40.0,0
-9.06481687175,50.0,0
-9.0648322505,60.0,0
-9.0648548545,70.0,0
-9.064886146,80.0,0
-9.06492761975,90.0,0
-9.0649807865,100.0,0
-9.06504715275,110.0,0
-9.065128198,120.0,0
-9.0652253535,130.0,0
-9.0653399865,140.0,0
-9.06547338625,150.0,0
-9.065626756,160.0,0
-9.0658012075,170.0,0
-9.06599776,180.0,0
-9.066217341,190.0,0
-9.06646079075,200.0,0
-9.06672886525,210.0,0
-9.06702224325,220.0,0
-9.067341532,230.0,0
-9.0676872725,240.0,0
-9.06805994625,250.0,0
-9.06845998025,260.0,0
-9.068887753,270.0,0
-9.069343597,280.0,0
-9.0698278055,290.0,0
-9.07034063425,300.0,0
-9.07088230525,310.0,0
-9.07145301025,320.0,0
-9.072052912,330.0,0
-9.07268214825,340.0,0
-9.073340832,350.0,0
-9.07402905375,360.0,0
-9.07474688425,370.0,0
-9.075494374,380.0,0
-9.0762715565,390.0,0
-9.0770784475,400.0,0
-9.07791504825,410.0,0
-9.07878134475,420.0,0
-9.07967730925,430.0,0
-9.08060290175,440.0,0
-9.08155807,450.0,0
-9.08254275125,460.0,0
-9.0835568715,470.0,0
-9.08460034825,480.0,0
-9.085673089,490.0,0
-9.08677499375,500.0,0
-9.0879059545,510.0,0
-9.0890658565,520.0,0
-9.090254578,530.0,0
-9.0914719915,540.0,0
-9.09271796425,550.0,0
-9.09399235775,560.0,0
-9.0952950295,570.0,0
-9.096625833,580.0,0
-9.09798461725,590.0,0
-9.0993712285,600.0,0
-9.1007855095,610.0,0
-9.1022273005,620.0,0
-9.1036964395,630.0,0
-9.10519276175,640.0,0
-9.1067161015,650.0,0
-9.10826629075,660.0,0
-9.10984316075,670.0,0
-9.1114465405,680.0,0
-9.11307625975,690.0,0
-9.114732146,700.0,0
-9.116414027,710.0,0
-9.11812173,720.0,0
-9.119855082,730.0,0
-9.12161390975,740.0,0
-9.12339804075,750.0,0
-9.12520730175,760.0,0
-9.1270415205,770.0,0
-9.128900525,780.0,0
-9.1307841435,790.0,0
-9.13269220525,800.0,0
-9.13462453975,810.0,0
-9.136580978,820.0,0
-9.138561351,830.0,0
-9.14056549125,840.0,0
-9.14259323175,850.0,0
-9.14464440725,860.0,0
-9.14671885275,870.0,0
-9.148816405,880.0,0
-9.15093690125,890.0,0
-9.15308018075,900.0,0
-9.155246083,910.0,0
-9.15743444975,920.0,0
-9.15964512325,930.0,0
-9.1618779475,940.0,0
-9.16413276775,950.0,0
-9.16640943025,960.0,0
-9.16870778275,970.0,0
-9.171027675,980.0,0
-9.173368957,990.0,0
-9.17573148075,1000.0,0
-7.835870474749999,0.0,25
-7.8358705015,10.0,25
-7.8358710165,20.0,25
-7.835873167749999,30.0,25
-7.835878322999999,40.0,25
-7.835887872499999,50.0,25
-7.835903216249999,60.0,25
-7.835925780499999,70.0,25
-7.835957028249999,80.0,25
-7.835998454499999,90.0,25
-7.8360515705,100.0,25
-7.836117883249999,110.0,25
-7.836198872249999,120.0,25
-7.836295969249999,130.0,25
-7.836410541499999,140.0,25
-7.8365438785,150.0,25
-7.836697183749999,160.0,25
-7.836871569249999,170.0,25
-7.837068053999999,180.0,25
-7.83728756625,190.0,25
-7.837530945499999,200.0,25
-7.8377989485,210.0,25
-7.838092254249999,220.0,25
-7.8384114695,230.0,25
-7.838757135499999,240.0,25
-7.839129733999999,250.0,25
-7.839529692249999,260.0,25
-7.839957388249999,270.0,25
-7.840413154999999,280.0,25
-7.8408972855,290.0,25
-7.841410035749999,300.0,25
-7.841951627749999,310.0,25
-7.842522252999999,320.0,25
-7.843122074999999,330.0,25
-7.84375123075,340.0,25
-7.844409833499999,350.0,25
-7.845097973999999,360.0,25
-7.845815722749999,370.0,25
-7.846563130749999,380.0,25
-7.847340230749999,390.0,25
-7.8481470395,400.0,25
-7.848983557249999,410.0,25
-7.8498497705,420.0,25
-7.85074565175,430.0,25
-7.8516711605,440.0,25
-7.852626245249999,450.0,25
-7.853610842249999,460.0,25
-7.854624878499999,470.0,25
-7.855668270499999,480.0,25
-7.85674092675,490.0,25
-7.857842746749999,500.0,25
-7.858973622749999,510.0,25
-7.860133439499999,520.0,25
-7.861322075749999,530.0,25
-7.86253940375,540.0,25
-7.863785290999999,550.0,25
-7.865059598749999,560.0,25
-7.866362184999999,570.0,25
-7.867692902499999,580.0,25
-7.869051600749999,590.0,25
-7.870438125749999,600.0,25
-7.871852320499999,610.0,25
-7.873294025249999,620.0,25
-7.874763077749999,630.0,25
-7.876259313749999,640.0,25
-7.87778256675,650.0,25
-7.879332669499999,660.0,25
-7.880909452499999,670.0,25
-7.8825127455,680.0,25
-7.884142377749999,690.0,25
-7.885798176999999,700.0,25
-7.887479970999999,710.0,25
-7.889187586749999,720.0,25
-7.890920851749999,730.0,25
-7.892679592249999,740.0,25
-7.894463635999999,750.0,25
-7.896272809749999,760.0,25
-7.898106940999999,770.0,25
-7.899965857999999,780.0,25
-7.901849389,790.0,25
-7.903757362999999,800.0,25
-7.90568961,810.0,25
-7.907645960499999,820.0,25
-7.909626245749999,830.0,25
-7.911630298249999,840.0,25
-7.913657951249999,850.0,25
-7.915709038999999,860.0,25
-7.917783396499999,870.0,25
-7.919880860749999,880.0,25
-7.922001269249999,890.0,25
-7.924144460499999,900.0,25
-7.926310275,910.0,25
-7.928498553499999,920.0,25
-7.930709138999999,930.0,25
-7.932941875249999,940.0,25
-7.935196607249999,950.0,25
-7.9374731815,960.0,25
-7.939771445999999,970.0,25
-7.942091249749999,980.0,25
-7.944432443499999,990.0,25
-7.94679487925,1000.0,25
-6.800154759750001,0.0,50
-6.8001547865,10.0,50
-6.80015530275,20.0,50
-6.80015745725,30.0,50
-6.800162617500001,40.0,50
-6.80017217375,50.0,50
-6.80018752575,60.0,50
-6.80021009925,70.0,50
-6.80024135725,80.0,50
-6.8002827945,90.0,50
-6.8003359225,100.0,50
-6.80040224775,110.0,50
-6.80048324975,120.0,50
-6.800580360250001,130.0,50
-6.80069494625,140.0,50
-6.800828297750001,150.0,50
-6.800981617500001,160.0,50
-6.80115601775,170.0,50
-6.801352517750001,180.0,50
-6.80157204525,190.0,50
-6.80181544,200.0,50
-6.802083459,210.0,50
-6.8023767805,220.0,50
-6.80269601175,230.0,50
-6.803041694,240.0,50
-6.803414309,250.0,50
-6.80381428375,260.0,50
-6.80424199625,270.0,50
-6.804697779750001,280.0,50
-6.8051819272500005,290.0,50
-6.8056946942500005,300.0,50
-6.80623630325,310.0,50
-6.80680694575,320.0,50
-6.80740678475,330.0,50
-6.8080359577500005,340.0,50
-6.80869457775,350.0,50
-6.809382736,360.0,50
-6.810100502,370.0,50
-6.8108479275,380.0,50
-6.811625045,390.0,50
-6.81243187125,400.0,50
-6.813268406750001,410.0,50
-6.8141346377500005,420.0,50
-6.81503053675,430.0,50
-6.815956063250001,440.0,50
-6.816911165750001,450.0,50
-6.817895780750001,460.0,50
-6.81890983475,470.0,50
-6.819953244750001,480.0,50
-6.821025919,490.0,50
-6.8221277570000005,500.0,50
-6.823258651000001,510.0,50
-6.82441848575,520.0,50
-6.825607140250001,530.0,50
-6.8268244865000005,540.0,50
-6.828070391500001,550.0,50
-6.829344717750001,560.0,50
-6.830647322,570.0,50
-6.831978057750001,580.0,50
-6.83333677425,590.0,50
-6.8347233175,600.0,50
-6.8361375305,610.0,50
-6.8375792535,620.0,50
-6.8390483245,630.0,50
-6.8405445785,640.0,50
-6.84206785,650.0,50
-6.8436179710000005,660.0,50
-6.8451947725,670.0,50
-6.8467980840000005,680.0,50
-6.8484277345,690.0,50
-6.85008355225,700.0,50
-6.85176536475,710.0,50
-6.853472999,720.0,50
-6.85520628225,730.0,50
-6.8569650415000005,740.0,50
-6.8587491035,750.0,50
-6.860558295750001,760.0,50
-6.8623924455,770.0,50
-6.864251381000001,780.0,50
-6.8661349305,790.0,50
-6.86804292325,800.0,50
-6.869975188750001,810.0,50
-6.87193155775,820.0,50
-6.87391186175,830.0,50
-6.87591593275,840.0,50
-6.87794360425,850.0,50
-6.8799947105,860.0,50
-6.8820690867500005,870.0,50
-6.8841665697500005,880.0,50
-6.88628699675,890.0,50
-6.888430206750001,900.0,50
-6.89059603975,910.0,50
-6.892784337,920.0,50
-6.89499494125,930.0,50
-6.897227696000001,940.0,50
-6.89948244675,950.0,50
-6.90175903975,960.0,50
-6.90405732275,970.0,50
-6.9063771452500005,980.0,50
-6.908718357750001,990.0,50
-6.911080812000001,1000.0,50
-5.8515130995,0.0,75
-5.851513126,10.0,75
-5.85151364125,20.0,75
-5.851515793000001,30.0,75
-5.851520949,40.0,75
-5.851530499750001,50.0,75
-5.85154584525,60.0,75
-5.851568411750001,70.0,75
-5.851599661750001,80.0,75
-5.85164109075,90.0,75
-5.851694209750001,100.0,75
-5.8517605255000005,110.0,75
-5.8518415177500005,120.0,75
-5.851938618,130.0,75
-5.852053193750001,140.0,75
-5.8521865345,150.0,75
-5.8523398435,160.0,75
-5.852514232500001,170.0,75
-5.852710721,180.0,75
-5.852930237250001,190.0,75
-5.853173620500001,200.0,75
-5.8534416277500005,210.0,75
-5.8537349372500005,220.0,75
-5.85405415675,230.0,75
-5.854399827000001,240.0,75
-5.854772429750001,250.0,75
-5.8551723925,260.0,75
-5.8556000925000005,270.0,75
-5.85605586375,280.0,75
-5.856539998750001,290.0,75
-5.8570527532500005,300.0,75
-5.85759435,310.0,75
-5.858164979750001,320.0,75
-5.858764806250001,330.0,75
-5.859393966750001,340.0,75
-5.86005257425,350.0,75
-5.860740719500001,360.0,75
-5.861458473000001,370.0,75
-5.862205885500001,380.0,75
-5.862982990500001,390.0,75
-5.8637898037500005,400.0,75
-5.864626326500001,410.0,75
-5.8654925445,420.0,75
-5.866388430750001,430.0,75
-5.8673139445,440.0,75
-5.868269034000001,450.0,75
-5.869253636000001,460.0,75
-5.870267677,470.0,75
-5.87131107425,480.0,75
-5.872383735250001,490.0,75
-5.873485560250001,500.0,75
-5.874616441250001,510.0,75
-5.8757762630000006,520.0,75
-5.8769649045,530.0,75
-5.878182237500001,540.0,75
-5.87942812975,550.0,75
-5.8807024427500005,560.0,75
-5.8820050340000005,570.0,75
-5.8833357565,580.0,75
-5.88469446,590.0,75
-5.88608099025,600.0,75
-5.88749519025,610.0,75
-5.8889369,620.0,75
-5.8904059577500005,630.0,75
-5.89190219875,640.0,75
-5.893425457,650.0,75
-5.894975565,660.0,75
-5.896552353250001,670.0,75
-5.898155651500001,680.0,75
-5.89978528875,690.0,75
-5.901441093250001,700.0,75
-5.903122892500001,710.0,75
-5.90483051375,720.0,75
-5.90656378375,730.0,75
-5.90832252975,740.0,75
-5.910106578750001,750.0,75
-5.91191575775,760.0,75
-5.91374989425,770.0,75
-5.915608816500001,780.0,75
-5.91749235275,790.0,75
-5.91940033225,800.0,75
-5.9213325845,810.0,75
-5.92328894025,820.0,75
-5.925269231000001,830.0,75
-5.92727328875,840.0,75
-5.929300947000001,850.0,75
-5.93135204,860.0,75
-5.933426403,870.0,75
-5.93552387275,880.0,75
-5.9376442865,890.0,75
-5.939787483000001,900.0,75
-5.94195330275,910.0,75
-5.944141586750001,920.0,75
-5.946352177750001,930.0,75
-5.94858491925,940.0,75
-5.9508396565,950.0,75
-5.9531162362500005,960.0,75
-5.95541450625,970.0,75
-5.957734315500001,980.0,75
-5.960075514500001,990.0,75
-5.9624379555,1000.0,75
-4.9621991005,0.0,100
-4.96219912725,10.0,100
-4.962199642,20.0,100
-4.96220179275,30.0,100
-4.9622069475,40.0,100
-4.9622164965,50.0,100
-4.962231840249999,60.0,100
-4.962254404499999,70.0,100
-4.962285652249999,80.0,100
-4.9623270785,90.0,100
-4.962380195,100.0,100
-4.962446508,110.0,100
-4.96252749725,120.0,100
-4.962624594499999,130.0,100
-4.96273916725,140.0,100
-4.9628725045,150.0,100
-4.96302581025,160.0,100
-4.96320019575,170.0,100
-4.963396681,180.0,100
-4.9636161935,190.0,100
-4.96385957325,200.0,100
-4.96412757675,210.0,100
-4.96442088275,220.0,100
-4.96474009825,230.0,100
-4.96508576475,240.0,100
-4.96545836375,250.0,100
-4.96585832225,260.0,100
-4.9662860185,270.0,100
-4.96674178575,280.0,100
-4.96722591675,290.0,100
-4.96773866725,300.0,100
-4.96828025975,310.0,100
-4.96885088575,320.0,100
-4.969450708,330.0,100
-4.9700798645,340.0,100
-4.97073846775,350.0,100
-4.97142660875,360.0,100
-4.97214435825,370.0,100
-4.9728917665,380.0,100
-4.97366886725,390.0,100
-4.9744756765,400.0,100
-4.975312195,410.0,100
-4.97617840875,420.0,100
-4.97707429075,430.0,100
-4.97799980025,440.0,100
-4.978954885499999,450.0,100
-4.9799394835,460.0,100
-4.98095352025,470.0,100
-4.98199691325,480.0,100
-4.98306957025,490.0,100
-4.984171390999999,500.0,100
-4.9853022675,510.0,100
-4.98646208525,520.0,100
-4.98765072225,530.0,100
-4.98886805125,540.0,100
-4.99011393925,550.0,100
-4.991388248,560.0,100
-4.992690834999999,570.0,100
-4.9940215535,580.0,100
-4.99538025275,590.0,100
-4.99676677875,600.0,100
-4.998180974499999,610.0,100
-4.99962268,620.0,100
-5.0010917335,630.0,100
-5.0025879705,640.0,100
-5.0041112245,650.0,100
-5.00566132825,660.0,100
-5.00723811225,670.0,100
-5.0088414065,680.0,100
-5.0104710395,690.0,100
-5.01212684,700.0,100
-5.013808635,710.0,100
-5.015516251999999,720.0,100
-5.01724951775,730.0,100
-5.01900825975,740.0,100
-5.0207923045,750.0,100
-5.02260147925,760.0,100
-5.02443561175,770.0,100
-5.02629452975,780.0,100
-5.028178061999999,790.0,100
-5.030086037249999,800.0,100
-5.0320182855,810.0,100
-5.033974637,820.0,100
-5.035954923499999,830.0,100
-5.03795897725,840.0,100
-5.03998663125,850.0,100
-5.04203772025,860.0,100
-5.044112079,870.0,100
-5.0462095445,880.0,100
-5.04832995425,890.0,100
-5.05047314675,900.0,100
-5.0526389625,910.0,100
-5.05482724225,920.0,100
-5.057037829,930.0,100
-5.0592705665,940.0,100
-5.06152529975,950.0,100
-5.063801875249999,960.0,100
-5.066100141,970.0,100
-5.06841994625,980.0,100
-5.07076114125,990.0,100
-5.07312357825,1000.0,100
